{
  "num_episodes": 200,
  "max_steps": 5000,
  "avg_apples": 15.945,
  "std_apples": 6.159705755959451,
  "avg_length": 18.945,
  "std_length": 6.159705755959451,
  "avg_steps": 122.025,
  "std_steps": 54.06379911733914,
  "death_rate": 1.0,
  "end_events": {
    "self": 199,
    "wall": 1
  },
  "apples_quantiles_10_50_90": [
    8.0,
    16.0,
    24.0
  ],
  "steps_quantiles_10_50_90": [
    52.900000000000006,
    119.5,
    191.1
  ]
}